ciudad_id,ciudad,region,lat,lon,fecha,temp_max,temp_min,temp_prom
ba,Buenos Aires,pampa,-34.6037,-58.3816,2026-10-04,22.1,11.2,16.6
ba,Buenos Aires,pampa,-34.6037,-58.3816,2026-10-05,19.8,13.0,16.4
ba,Buenos Aires,pampa,-34.6037,-58.3816,2026-10-06,19.5,13.9,16.7
ba,Buenos Aires,pampa,-34.6037,-58.3816,2026-10-07,18.6,15.2,16.9
ba,Buenos Aires,pampa,-34.6037,-58.3816,2026-10-08,17.4,14.6,16.0
ba,Buenos Aires,pampa,-34.6037,-58.3816,2026-10-09,17.9,13.9,15.9
ba,Buenos Aires,pampa,-34.6037,-58.3816,2026-10-10,16.4,13.4,14.9
ba,Buenos Aires,pampa,-34.6037,-58.3816,2026-10-11,17.7,11.0,14.3
ba,Buenos Aires,pampa,-34.6037,-58.3816,2026-10-12,16.8,13.2,15.0
ba,Buenos Aires,pampa,-34.6037,-58.3816,2026-10-13,16.9,11.8,14.3
ba,Buenos Aires,pampa,-34.6037,-58.3816,2026-10-14,17.9,11.4,14.6
ba,Buenos Aires,pampa,-34.6037,-58.3816,2026-10-15,17.5,12.2,14.8
ba,Buenos Aires,pampa,-34.6037,-58.3816,2026-10-16,18.0,12.7,15.3
ba,Buenos Aires,pampa,-34.6037,-58.3816,2026-10-17,20.1,13.5,16.8
rosario,Rosario,pampa,-32.9468,-60.6393,2026-10-04,22.2,11.3,16.8
rosario,Rosario,pampa,-32.9468,-60.6393,2026-10-05,19.4,13.9,16.6
rosario,Rosario,pampa,-32.9468,-60.6393,2026-10-06,21.7,12.5,17.1
rosario,Rosario,pampa,-32.9468,-60.6393,2026-10-07,19.6,14.9,17.2
rosario,Rosario,pampa,-32.9468,-60.6393,2026-10-08,20.3,14.4,17.4
rosario,Rosario,pampa,-32.9468,-60.6393,2026-10-09,18.4,15.1,16.8
rosario,Rosario,pampa,-32.9468,-60.6393,2026-10-10,19.6,13.9,16.8
rosario,Rosario,pampa,-32.9468,-60.6393,2026-10-11,18.3,13.5,15.9
rosario,Rosario,pampa,-32.9468,-60.6393,2026-10-12,19.5,14.2,16.9
rosario,Rosario,pampa,-32.9468,-60.6393,2026-10-13,18.6,13.2,15.9
rosario,Rosario,pampa,-32.9468,-60.6393,2026-10-14,19.7,13.1,16.4
rosario,Rosario,pampa,-32.9468,-60.6393,2026-10-15,20.8,13.4,17.1
rosario,Rosario,pampa,-32.9468,-60.6393,2026-10-16,21.4,13.8,17.6
rosario,Rosario,pampa,-32.9468,-60.6393,2026-10-17,21.9,13.6,17.8
cordoba,Córdoba,centro,-31.4201,-64.1888,2026-10-04,23.1,12.5,17.8
cordoba,Córdoba,centro,-31.4201,-64.1888,2026-10-05,23.4,12.4,17.9
cordoba,Córdoba,centro,-31.4201,-64.1888,2026-10-06,24.7,12.7,18.7
cordoba,Córdoba,centro,-31.4201,-64.1888,2026-10-07,22.9,15.0,18.9
cordoba,Córdoba,centro,-31.4201,-64.1888,2026-10-08,20.1,15.4,17.8
cordoba,Córdoba,centro,-31.4201,-64.1888,2026-10-09,18.7,13.8,16.2
cordoba,Córdoba,centro,-31.4201,-64.1888,2026-10-10,19.4,13.3,16.4
cordoba,Córdoba,centro,-31.4201,-64.1888,2026-10-11,17.6,14.1,15.9
cordoba,Córdoba,centro,-31.4201,-64.1888,2026-10-12,17.8,13.3,15.6
cordoba,Córdoba,centro,-31.4201,-64.1888,2026-10-13,18.0,13.0,15.5
cordoba,Córdoba,centro,-31.4201,-64.1888,2026-10-14,19.6,13.2,16.4
cordoba,Córdoba,centro,-31.4201,-64.1888,2026-10-15,21.2,12.6,16.9
cordoba,Córdoba,centro,-31.4201,-64.1888,2026-10-16,17.4,13.5,15.4
cordoba,Córdoba,centro,-31.4201,-64.1888,2026-10-17,18.4,12.2,15.3
santafe,Santa Fe,pampa,-31.6333,-60.7,2026-10-04,21.4,12.4,16.9
santafe,Santa Fe,pampa,-31.6333,-60.7,2026-10-05,21.0,14.3,17.6
santafe,Santa Fe,pampa,-31.6333,-60.7,2026-10-06,22.7,13.6,18.1
santafe,Santa Fe,pampa,-31.6333,-60.7,2026-10-07,23.1,16.0,19.6
santafe,Santa Fe,pampa,-31.6333,-60.7,2026-10-08,21.3,15.8,18.6
santafe,Santa Fe,pampa,-31.6333,-60.7,2026-10-09,18.3,15.7,17.0
santafe,Santa Fe,pampa,-31.6333,-60.7,2026-10-10,19.6,14.8,17.2
santafe,Santa Fe,pampa,-31.6333,-60.7,2026-10-11,18.9,14.0,16.4
santafe,Santa Fe,pampa,-31.6333,-60.7,2026-10-12,22.2,14.7,18.4
santafe,Santa Fe,pampa,-31.6333,-60.7,2026-10-13,20.2,14.4,17.3
santafe,Santa Fe,pampa,-31.6333,-60.7,2026-10-14,21.5,14.2,17.9
santafe,Santa Fe,pampa,-31.6333,-60.7,2026-10-15,22.5,14.9,18.7
santafe,Santa Fe,pampa,-31.6333,-60.7,2026-10-16,23.0,14.9,18.9
santafe,Santa Fe,pampa,-31.6333,-60.7,2026-10-17,23.4,15.0,19.2
mendoza,Mendoza,cuyo,-32.8895,-68.8458,2026-10-04,22.8,11.9,17.4
mendoza,Mendoza,cuyo,-32.8895,-68.8458,2026-10-05,20.2,12.1,16.1
mendoza,Mendoza,cuyo,-32.8895,-68.8458,2026-10-06,20.9,12.4,16.6
mendoza,Mendoza,cuyo,-32.8895,-68.8458,2026-10-07,17.9,13.4,15.6
mendoza,Mendoza,cuyo,-32.8895,-68.8458,2026-10-08,14.9,11.4,13.2
mendoza,Mendoza,cuyo,-32.8895,-68.8458,2026-10-09,16.9,9.8,13.3
mendoza,Mendoza,cuyo,-32.8895,-68.8458,2026-10-10,14.3,9.7,12.0
mendoza,Mendoza,cuyo,-32.8895,-68.8458,2026-10-11,19.2,11.6,15.4
mendoza,Mendoza,cuyo,-32.8895,-68.8458,2026-10-12,16.8,10.9,13.9
mendoza,Mendoza,cuyo,-32.8895,-68.8458,2026-10-13,15.1,10.2,12.6
mendoza,Mendoza,cuyo,-32.8895,-68.8458,2026-10-14,16.5,9.1,12.8
mendoza,Mendoza,cuyo,-32.8895,-68.8458,2026-10-15,18.8,9.8,14.3
mendoza,Mendoza,cuyo,-32.8895,-68.8458,2026-10-16,20.5,12.2,16.4
mendoza,Mendoza,cuyo,-32.8895,-68.8458,2026-10-17,19.4,11.4,15.4
neuquen,Neuquén,patagonia,-38.9517,-68.0591,2026-10-04,20.3,9.4,14.9
neuquen,Neuquén,patagonia,-38.9517,-68.0591,2026-10-05,19.6,7.1,13.4
neuquen,Neuquén,patagonia,-38.9517,-68.0591,2026-10-06,13.5,9.9,11.7
neuquen,Neuquén,patagonia,-38.9517,-68.0591,2026-10-07,11.2,8.6,9.9
neuquen,Neuquén,patagonia,-38.9517,-68.0591,2026-10-08,9.5,6.7,8.1
neuquen,Neuquén,patagonia,-38.9517,-68.0591,2026-10-09,9.4,7.0,8.2
neuquen,Neuquén,patagonia,-38.9517,-68.0591,2026-10-10,15.2,8.6,11.9
neuquen,Neuquén,patagonia,-38.9517,-68.0591,2026-10-11,13.6,11.1,12.3
neuquen,Neuquén,patagonia,-38.9517,-68.0591,2026-10-12,18.8,9.6,14.2
neuquen,Neuquén,patagonia,-38.9517,-68.0591,2026-10-13,19.3,10.3,14.8
neuquen,Neuquén,patagonia,-38.9517,-68.0591,2026-10-14,21.0,11.3,16.1
neuquen,Neuquén,patagonia,-38.9517,-68.0591,2026-10-15,21.9,11.5,16.7
neuquen,Neuquén,patagonia,-38.9517,-68.0591,2026-10-16,20.6,12.1,16.4
neuquen,Neuquén,patagonia,-38.9517,-68.0591,2026-10-17,19.8,11.7,15.8
bahiablanca,Bahía Blanca,pampa,-38.7196,-62.2724,2026-10-04,20.5,11.1,15.8
bahiablanca,Bahía Blanca,pampa,-38.7196,-62.2724,2026-10-05,20.3,10.2,15.2
bahiablanca,Bahía Blanca,pampa,-38.7196,-62.2724,2026-10-06,20.9,10.3,15.6
bahiablanca,Bahía Blanca,pampa,-38.7196,-62.2724,2026-10-07,14.0,10.6,12.3
bahiablanca,Bahía Blanca,pampa,-38.7196,-62.2724,2026-10-08,11.2,8.8,10.0
bahiablanca,Bahía Blanca,pampa,-38.7196,-62.2724,2026-10-09,16.5,8.3,12.4
bahiablanca,Bahía Blanca,pampa,-38.7196,-62.2724,2026-10-10,16.7,10.2,13.4
bahiablanca,Bahía Blanca,pampa,-38.7196,-62.2724,2026-10-11,19.3,10.0,14.7
bahiablanca,Bahía Blanca,pampa,-38.7196,-62.2724,2026-10-12,18.7,9.9,14.3
bahiablanca,Bahía Blanca,pampa,-38.7196,-62.2724,2026-10-13,19.1,10.2,14.7
bahiablanca,Bahía Blanca,pampa,-38.7196,-62.2724,2026-10-14,20.2,8.8,14.5
bahiablanca,Bahía Blanca,pampa,-38.7196,-62.2724,2026-10-15,23.1,10.6,16.9
bahiablanca,Bahía Blanca,pampa,-38.7196,-62.2724,2026-10-16,20.8,12.8,16.8
bahiablanca,Bahía Blanca,pampa,-38.7196,-62.2724,2026-10-17,17.3,11.9,14.6
esquel,Esquel,patagonia,-42.9077,-71.3229,2026-10-04,9.4,2.3,5.8
esquel,Esquel,patagonia,-42.9077,-71.3229,2026-10-05,10.2,0.8,5.5
esquel,Esquel,patagonia,-42.9077,-71.3229,2026-10-06,13.0,1.9,7.5
esquel,Esquel,patagonia,-42.9077,-71.3229,2026-10-07,11.1,6.3,8.7
esquel,Esquel,patagonia,-42.9077,-71.3229,2026-10-08,12.0,7.4,9.7
esquel,Esquel,patagonia,-42.9077,-71.3229,2026-10-09,14.9,4.9,9.9
esquel,Esquel,patagonia,-42.9077,-71.3229,2026-10-10,15.2,3.9,9.5
esquel,Esquel,patagonia,-42.9077,-71.3229,2026-10-11,16.5,6.6,11.6
esquel,Esquel,patagonia,-42.9077,-71.3229,2026-10-12,16.9,7.0,11.9
esquel,Esquel,patagonia,-42.9077,-71.3229,2026-10-13,16.2,6.1,11.1
esquel,Esquel,patagonia,-42.9077,-71.3229,2026-10-14,15.8,2.7,9.2
esquel,Esquel,patagonia,-42.9077,-71.3229,2026-10-15,12.4,6.8,9.6
esquel,Esquel,patagonia,-42.9077,-71.3229,2026-10-16,16.2,4.5,10.3
esquel,Esquel,patagonia,-42.9077,-71.3229,2026-10-17,17.4,5.2,11.3
salta,Salta,noa,-24.7859,-65.4117,2026-10-04,19.7,11.6,15.6
salta,Salta,noa,-24.7859,-65.4117,2026-10-05,19.0,12.9,15.9
salta,Salta,noa,-24.7859,-65.4117,2026-10-06,21.4,12.9,17.1
salta,Salta,noa,-24.7859,-65.4117,2026-10-07,27.8,10.1,18.9
salta,Salta,noa,-24.7859,-65.4117,2026-10-08,18.4,14.6,16.5
salta,Salta,noa,-24.7859,-65.4117,2026-10-09,19.0,12.9,15.9
salta,Salta,noa,-24.7859,-65.4117,2026-10-10,15.8,11.8,13.8
salta,Salta,noa,-24.7859,-65.4117,2026-10-11,17.2,11.3,14.2
salta,Salta,noa,-24.7859,-65.4117,2026-10-12,17.1,11.6,14.4
salta,Salta,noa,-24.7859,-65.4117,2026-10-13,16.3,11.9,14.1
salta,Salta,noa,-24.7859,-65.4117,2026-10-14,14.5,11.5,13.0
salta,Salta,noa,-24.7859,-65.4117,2026-10-15,15.7,11.6,13.6
salta,Salta,noa,-24.7859,-65.4117,2026-10-16,17.4,11.7,14.5
salta,Salta,noa,-24.7859,-65.4117,2026-10-17,15.7,12.1,13.9
tucuman,Tucumán,noa,-26.8083,-65.2176,2026-10-04,22.3,16.6,19.5
tucuman,Tucumán,noa,-26.8083,-65.2176,2026-10-05,22.0,14.4,18.2
tucuman,Tucumán,noa,-26.8083,-65.2176,2026-10-06,24.6,16.0,20.3
tucuman,Tucumán,noa,-26.8083,-65.2176,2026-10-07,27.3,14.9,21.1
tucuman,Tucumán,noa,-26.8083,-65.2176,2026-10-08,18.9,16.9,17.9
tucuman,Tucumán,noa,-26.8083,-65.2176,2026-10-09,20.2,15.7,17.9
tucuman,Tucumán,noa,-26.8083,-65.2176,2026-10-10,19.9,15.3,17.6
tucuman,Tucumán,noa,-26.8083,-65.2176,2026-10-11,17.9,15.7,16.8
tucuman,Tucumán,noa,-26.8083,-65.2176,2026-10-12,17.5,15.2,16.4
tucuman,Tucumán,noa,-26.8083,-65.2176,2026-10-13,18.8,14.8,16.8
tucuman,Tucumán,noa,-26.8083,-65.2176,2026-10-14,15.8,14.6,15.2
tucuman,Tucumán,noa,-26.8083,-65.2176,2026-10-15,17.9,14.5,16.2
tucuman,Tucumán,noa,-26.8083,-65.2176,2026-10-16,18.0,14.4,16.2
tucuman,Tucumán,noa,-26.8083,-65.2176,2026-10-17,18.5,14.6,16.6
