Fecha,Demanda DS,Prioritaria,Industria,Usinas,Exportaciones,,Sur,NBA I,NBA II,TGS,,Norte,Nqn,TGN,,GPM,BOLIVIA,ESCOBAR,ENARSA,,Tucumán Min,Tucumán Max,Tucumán Promedio,BA Min,BA Max,BA Promedio,Esquel Min,Esquel Max,Esquel Promedio,,Linepack TGS,Var. TGS,Lim Inf. TGS,Lim Sup. TGS,,Linepack TGN,Var. TGN,Lim Inf. TGN,Lim Sup. TGN,,Tramo Final TGS,,,Tramo Final TGN,,,,,,,,,,,,,,,,,,,Fecha,GAS,GASOIL,FUELOIL,CARBON
2026-07-29,172.9,67.6,34.9,35.2,7.3,,23.6,11.3,41.7,76.7,,2.4,34.8,37.2,,19.0,0.0,10.0,19.0,,14.4,18.7,16.6,9.0,15.0,12.0,-4.9,3.6,-0.7,,218.6,,,,,130.39,,,,,,,,,,,,,,,,,,,,,,,,,,,2026-07-29,,,,
2026-07-30,157.5,68.5,33.2,27.7,3.6,,23.4,11.3,41.4,76.1,,2.6,34.9,37.4,,21.6,0.0,9.0,21.6,,15.1,23.1,19.1,11.0,18.0,14.5,-0.0,3.0,1.5,,218.84,0.24,,,,133.09,2.7,,,,,,,,,,,,,,,,,,,,,,,,,,2026-07-30,,,,
2026-07-31,137.6,,35.0,,6.5,,,,,82.7,,,,35.1,,0.0,0.0,0.0,19.8,,13.6,24.4,19.0,14.0,21.0,17.5,-0.0,5.5,2.8,,221.78,2.94,,,,138.76,5.67,,,,,,,,,,,,,,,,,,,,,,,,,,2026-07-31,,,,
2026-08-01,132.5,,33.6,,3.5,,,,,79.1,,,,33.6,,0.0,0.0,0.0,19.8,,14.8,24.7,19.8,14.0,19.0,16.5,0.6,3.6,2.1,,224.78,3.0,,,,143.55,4.79,,,,,,,,,,,,,,,,,,,,,,,,,,2026-08-01,,,,
2026-08-02,137.2,56.3,32.1,21.2,4.5,,23.7,11.6,40.4,75.7,,3.6,29.0,32.6,,21.6,1.3,0.0,21.6,,10.7,24.3,17.5,12.0,15.0,13.5,0.9,5.5,3.2,,232.22,7.44,,,,143.61,0.06,,,,,,,,,,,,,,,,,,,,,,,,,,2026-08-02,,,,
2026-08-03,157.5,59.6,35.0,30.6,7.5,,24.2,11.2,38.9,74.3,,3.7,33.4,37.1,,21.1,1.3,0.0,21.1,,13.0,26.3,19.6,13.0,16.0,14.5,-2.1,6.2,2.0,,229.69,-2.53,,,,136.96,-6.65,,,,,,,,,,,,,,,,,,,,,,,,,,2026-08-03,,,,
2026-08-04,159.6,63.0,34.5,31.1,5.7,,23.8,10.8,40.5,75.2,,4.0,34.3,38.2,,21.3,1.4,3.0,21.3,,17.5,22.5,20.0,11.0,15.0,13.0,-2.2,4.6,1.2,,228.57,-1.12,,,,133.01,-3.95,,,,,,,,,,,,,,,,,,,,,,,,,,2026-08-04,,,,
2026-08-05,160.4,62.6,35.0,32.2,4.7,,23.9,10.7,41.1,75.7,,5.4,32.6,38.0,,20.9,2.8,8.0,20.9,,16.4,22.8,19.6,13.0,16.0,14.5,-3.1,4.3,0.6,,225.08,-3.49,,,,135.24,2.23,,,,,,,,,,,,,,,,,,,,,,,,,,2026-08-05,,,,
2026-08-06,161.7,71.1,34.9,27.3,4.6,,24.1,10.3,42.6,77.0,,5.8,31.5,37.3,,21.0,3.7,6.0,21.0,,12.7,27.0,19.9,9.0,14.0,11.5,-5.2,4.6,-0.3,,,,,,,134.62,-0.62,,,,,,,,,,,,,,,,,,,,,,,,,,2026-08-06,,,,
2026-08-07,151.5,,35.1,,5.4,,,,,92.4,,,,39.3,,0.0,0.0,0.0,19.8,,8.7,19.4,14.0,5.0,13.0,9.0,-4.7,1.9,-1.4,,221.37,-3.71,,,,135.21,0.59,,,,,,,,,,,,,,,,,,,,,,,,,,2026-08-07,,,,
2026-08-08,145.2,,33.5,,5.0,,,,,88.0,,,,37.4,,0.0,0.0,0.0,19.8,,7.1,19.2,13.1,7.0,13.0,10.0,-5.4,2.4,-1.5,,224.37,3.0,,,,135.61,0.4,,,,,,,,,,,,,,,,,,,,,,,,,,2026-08-08,,,,
2026-08-09,146.3,,33.4,,5.5,,,,,88.8,,,,37.7,,0.0,0.0,0.0,19.8,,4.9,16.4,10.6,3.0,15.0,9.0,-6.4,-0.2,-3.3,,225.93,1.56,,,,135.28,-0.33,,,,,,,,,,,,,,,,,,,,,,,,,,2026-08-09,,,,
2026-08-10,182.8,86.8,31.8,33.0,5.7,,23.5,9.6,41.1,74.2,,4.9,33.5,38.4,,22.4,2.4,15.0,22.4,,9.1,15.0,12.1,4.0,12.0,8.0,-10.5,0.3,-5.1,,218.63,-7.3,,,,126.27,-9.01,,,,,,,,,,,,,,,,,,,,,,,,,,2026-08-10,,,,
2026-08-11,181.8,86.5,31.4,34.2,5.8,,24.4,10.4,41.9,76.8,,4.2,35.7,39.8,,23.0,1.8,20.1,23.0,,7.1,14.8,10.9,6.0,12.0,9.0,-4.5,1.8,-1.4,,216.39,-2.24,,,,123.32,-2.95,,,,,,,,,,,,,,,,,,,,,,,,,,2026-08-11,40.72,4649.3,2021.1,3016.3
2026-08-12,183.0,84.7,30.9,33.7,7.0,,23.4,10.6,42.3,76.4,,4.0,36.7,40.8,,23.6,1.8,20.8,23.6,,5.7,16.1,10.9,8.0,13.0,10.5,0.8,2.7,1.8,,217.16,0.77,,,,117.87,-5.45,,,,,,,,,,,,,,,,,,,,,,,,,,2026-08-12,40.4,6995.8,2380.8,3192.8
2026-08-13,163.8,,29.0,,6.5,,,,,101.0,,,,43.0,,0.0,0.0,0.0,19.8,,6.3,17.2,11.8,8.0,12.0,10.0,1.2,4.3,2.8,,220.31,3.15,,,,116.52,-1.35,,,,,,,,,,,,,,,,,,,,,,,,,,2026-08-13,39.65,2827.2,2051.2,3152.1
2026-08-14,155.9,,28.0,,6.5,,,,,95.5,,,,40.6,,0.0,0.0,0.0,19.8,,8.9,15.8,12.4,10.0,13.0,11.5,1.4,5.7,3.5,,221.99,1.68,,,,116.37,-0.15,,,,,,,,,,,,,,,,,,,,,,,,,,2026-08-14,34.79,3609.5,1161.2,3077.1
2026-08-15,141.3,,26.3,,5.5,,,,,85.3,,,,36.2,,0.0,0.0,0.0,19.8,,9.5,17.7,13.6,13.0,15.0,14.0,0.2,7.5,3.9,,225.14,3.15,,,,120.64,4.27,,,,,,,,,,,,,,,,,,,,,,,,,,2026-08-15,31.22,1884.4,785.2,2636.2
2026-08-16,131.5,,27.3,,5.5,,,,,78.4,,,,33.3,,0.0,0.0,0.0,19.8,,9.0,13.9,11.4,12.0,18.0,15.0,-3.6,2.8,-0.4,,229.98,4.84,,,,128.14,7.5,,,,,,,,,,,,,,,,,,,,,,,,,,2026-08-16,26.41,1894.8,223.6,0.0
2026-08-17,153.0,71.8,28.6,24.7,4.0,,24.1,10.7,41.1,75.9,,4.8,33.5,38.3,,23.2,2.5,0.0,23.2,,11.2,13.0,12.1,12.0,14.0,13.0,-6.6,5.3,-0.6,,229.96,-0.02,,,,128.15,0.01,,,,,,,,,,,,,,,,,,,,,,,,,,2026-08-17,29.83,2723.2,271.1,0.0
2026-08-18,165.8,77.3,29.3,27.7,3.6,,24.1,10.8,41.6,76.6,,4.7,35.1,39.8,,23.8,2.3,7.0,23.8,,9.4,17.4,13.4,7.0,13.0,10.0,-0.7,9.5,4.4,,227.01,-2.95,,,,128.86,0.71,,,,,,,,,,,,,,,,,,,,,,,,,,2026-08-18,33.62,6652.6,1412.3,408.0
2026-08-19,158.1,73.7,30.3,26.0,4.1,,24.2,9.3,40.9,74.4,,5.0,35.3,40.3,,23.6,2.5,7.0,23.6,,8.9,19.3,14.1,6.0,15.0,10.5,4.4,8.5,6.5,,228.35,1.34,,,,130.88,2.02,,,,,,,,,,,,,,,,,,,,,,,,,,2026-08-19,32.38,4993.3,958.6,2899.8
2026-08-20,154.9,70.2,31.5,27.7,2.7,,24.1,11.3,40.3,75.8,,6.1,32.9,39.0,,23.7,3.8,5.6,23.7,,6.3,25.2,15.8,8.0,17.0,12.5,2.9,8.6,5.8,,231.16,2.81,,,,132.55,1.67,,,,,,,,,,,,,,,,,,,,,,,,,,2026-08-20,33.01,1514.9,799.7,2923.4
2026-08-21,152.2,,31.0,,3.5,,,,,92.9,,,,39.5,,0.0,0.0,0.0,19.8,,9.5,25.5,17.5,6.0,12.0,9.0,-1.1,8.6,3.8,,228.13,-3.03,,,,128.02,-4.53,,,,,,,,,,,,,,,,,,,,,,,,,,2026-08-21,35.62,1526.5,957.4,2928.4
2026-08-22,143.9,,30.8,,2.5,,,,,87.1,,,,37.0,,0.0,0.0,0.0,19.8,,10.7,17.6,14.2,4.0,14.0,9.0,-0.8,8.8,4.0,,229.16,1.03,,,,127.06,-0.96,,,,,,,,,,,,,,,,,,,,,,,,,,2026-08-22,34.56,170.6,130.4,2825.6
2026-08-23,163.2,73.7,30.0,28.2,4.8,,24.1,11.4,40.1,75.6,,6.8,32.9,39.7,,23.5,4.5,6.0,23.5,,9.4,20.1,14.8,4.0,13.0,8.5,-0.9,9.5,4.3,,228.55,-0.61,,,,125.61,-1.45,,,,,,,,,,,,,,,,,,,,,,,,,,2026-08-23,34.78,69.6,0.0,2769.3
2026-08-24,174.4,75.4,32.1,30.8,6.6,,24.0,10.5,39.5,74.0,,6.8,35.8,42.6,,23.1,4.4,8.5,23.1,,12.8,22.1,17.5,7.0,13.0,10.0,0.3,9.3,4.8,,219.99,-8.56,,,,124.36,-1.25,,,,,,,,,,,,,,,,,,,,,,,,,,2026-08-24,36.78,108.8,204.3,2982.8
2026-08-25,163.2,70.9,32.9,26.0,6.9,,23.8,7.4,40.1,71.3,,7.2,34.3,41.5,,23.1,5.0,6.2,23.1,,9.6,23.3,16.4,8.0,14.0,11.0,2.6,8.5,5.5,,219.22,-0.77,,,,120.93,-3.43,,,,,,,,,,,,,,,,,,,,,,,,,,2026-08-25,32.64,42.3,95.4,3194.6
2026-08-26,152.7,62.6,32.7,24.6,5.2,,23.8,7.2,38.9,69.9,,6.6,33.5,40.1,,23.2,4.2,4.0,23.2,,11.5,27.3,19.4,10.0,18.0,14.0,1.8,9.6,5.7,,220.73,1.51,,,,120.28,-0.65,,,,,,,,,,,,,,,,,,,,,,,,,,2026-08-26,29.61,60.1,0.0,2717.1
2026-08-27,150.7,64.8,33.7,27.1,3.8,,23.4,7.2,39.9,70.5,,5.6,33.0,38.6,,23.2,3.4,3.0,23.2,,14.5,28.9,21.7,10.0,18.0,14.0,2.5,10.8,6.7,,220.58,-0.15,,,,119.29,-0.99,,,,,,,,,,,,,,,,,,,,,,,,,,2026-08-27,31.11,87.9,96.4,3028.8
2026-08-28,138.2,,33.6,,6.1,,,,,83.1,,,,35.3,,0.0,0.0,0.0,19.8,,15.5,23.4,19.4,9.0,17.0,13.0,0.4,8.5,4.5,,223.43,2.85,,,,121.35,2.06,,,,,,,,,,,,,,,,,,,,,,,,,,2026-08-28,30.59,40.8,0.0,2959.2
2026-08-29,126.5,,33.2,,3.4,,,,,74.9,,,,31.8,,0.0,0.0,0.0,19.8,,12.6,22.3,17.4,8.0,18.0,13.0,0.0,6.7,3.4,,229.48,6.05,,,,128.37,7.02,,,,,,,,,,,,,,,,,,,,,,,,,,2026-08-29,30.05,34.0,0.0,0.0
2026-08-30,129.4,50.6,31.5,19.4,2.7,,24.0,10.4,38.9,73.3,,4.7,33.3,38.0,,21.4,1.5,0.0,21.4,,14.3,23.9,19.1,8.0,20.0,14.0,0.4,7.6,4.0,,241.48,12.0,,,,134.59,6.22,,,,,,,,,,,,,,,,,,,,,,,,,,2026-08-30,24.86,80.2,0.0,0.0
2026-08-31,142.9,52.7,34.7,24.8,3.1,,22.0,9.9,38.2,70.0,,3.9,31.9,35.8,,19.7,1.7,0.0,19.7,,12.0,25.8,18.9,12.0,19.0,15.5,-0.1,5.8,2.9,,238.69,-2.79,,,,136.6,2.01,,,,,,,,,,,,,,,,,,,,,,,,,,2026-08-31,29.8,61.9,0.0,0.0
2026-09-01,148.1,51.9,35.4,31.5,3.8,,21.8,9.6,39.6,71.0,,2.9,30.8,33.7,,20.7,0.9,0.0,20.7,,13.1,25.5,19.3,10.0,17.0,13.5,-1.0,6.4,2.7,,233.48,-5.21,,,,135.66,-0.94,,,,,,,,,,,,,,,,,,,,,,,,,,2026-09-01,36.03,76.5,0.0,0.0
2026-09-02,143.4,50.9,35.7,26.2,4.3,,22.9,9.8,39.9,72.6,,2.0,31.2,33.1,,21.6,0.0,0.0,21.6,,12.9,28.3,20.6,11.0,23.0,17.0,-0.8,8.1,3.6,,235.13,1.65,,,,136.33,0.67,,,,,,,,,,,,,,,,,,,,,,,,,,2026-09-02,32.0,29.5,0.0,0.0
2026-09-03,144.9,53.0,35.6,26.0,2.8,,24.0,9.4,40.3,73.7,,1.9,31.6,33.6,,21.0,0.0,0.0,21.0,,14.4,27.7,21.1,12.0,19.0,15.5,-1.1,6.6,2.8,,234.87,-0.26,,,,137.17,0.84,,,,,,,,,,,,,,,,,,,,,,,,,,2026-09-03,32.57,23.4,0.0,0.0
2026-09-04,132.2,,35.6,,4.0,,,,,78.9,,,,33.5,,0.0,0.0,0.0,19.8,,11.6,23.2,17.4,7.0,19.0,13.0,0.9,7.5,4.2,,234.78,-0.09,,,,136.08,-1.09,,,,,,,,,,,,,,,,,,,,,,,,,,2026-09-04,29.64,36.4,0.0,0.0
2026-09-05,137.1,,35.1,,3.3,,,,,82.3,,,,35.0,,0.0,0.0,0.0,19.8,,11.0,22.0,16.5,7.0,14.0,10.5,-5.3,6.1,0.4,,229.75,-5.03,,,,135.42,-0.66,,,,,,,,,,,,,,,,,,,,,,,,,,2026-09-05,31.45,35.9,0.0,0.0
2026-09-06,148.7,72.4,32.7,28.1,3.3,,23.4,9.0,42.1,74.5,,5.6,33.7,39.3,,23.7,3.6,0.0,23.7,,7.9,15.6,11.8,3.0,10.0,6.5,-3.5,8.4,2.5,,222.86,-6.89,,,,131.24,-4.18,,,,,,,,,,,,,,,,,,,,,,,,,,2026-09-06,34.46,80.4,373.6,249.4
2026-09-07,149.3,74.9,32.8,28.8,4.2,,23.4,9.2,41.2,73.8,,7.2,35.4,42.6,,23.9,3.9,0.0,23.9,,6.7,18.1,12.4,5.0,14.0,9.5,-2.9,11.5,4.3,,218.37,-4.49,,,,129.21,-2.03,,,,,,,,,,,,,,,,,,,,,,,,,,2026-09-07,35.4,294.2,227.0,2758.6
2026-09-08,137.0,65.0,32.0,25.2,3.4,,23.5,9.0,38.5,70.9,,8.0,32.3,40.3,,21.7,4.4,4.5,21.7,,5.4,21.0,13.2,9.0,18.0,13.5,0.4,7.3,3.9,,220.85,2.48,,,,129.07,-0.14,,,,,,,,,,,,,,,,,,,,,,,,,,2026-09-08,32.31,547.0,85.0,2654.5
2026-09-09,131.5,57.6,32.7,26.3,3.3,,23.6,8.9,41.6,74.1,,7.4,35.0,42.4,,21.7,4.6,0.0,21.7,,8.2,24.1,16.1,10.0,19.0,14.5,2.9,9.7,6.3,,225.87,5.02,,,,130.73,1.66,,,,,,,,,,,,,,,,,,,,,,,,,,2026-09-09,31.51,124.0,164.4,2635.8
2026-09-10,129.4,52.8,33.6,28.9,2.3,,23.7,9.1,40.8,73.6,,5.6,33.1,38.7,,22.0,3.6,0.0,22.0,,11.0,22.9,16.9,10.4,19.0,16.1,1.9,7.0,4.5,,229.48,3.61,,,,132.0,1.27,,,,,,,,,,,,,,,,,,,,,,,,,,2026-09-10,34.36,62.8,60.6,2693.4
2026-09-11,130.2,56.9,33.9,26.4,,,23.6,9.4,42.3,75.3,,4.8,32.3,37.1,,22.3,2.0,0.0,22.3,,14.3,21.7,18.0,12.1,18.1,15.1,-3.5,3.2,-0.1,,230.54,1.06,,,,132.25,0.25,,,,,,,,,,,,,,,,,,,,,,,,,,2026-09-11,32.26,28.3,18.8,2545.1
2026-09-12,138.4,66.9,32.8,25.9,,,23.6,9.4,42.8,75.8,,3.6,32.3,35.9,,23.6,1.5,0.0,23.6,,9.0,15.7,12.3,7.7,13.0,10.3,-6.6,8.1,0.8,,224.23,-6.31,,,,128.6,-3.65,,,,,,,,,,,,,,,,,,,,,,,,,,2026-09-12,33.93,73.0,16.0,2697.4
2026-09-13,140.8,73.1,31.7,26.1,2.0,,23.6,9.3,40.5,73.5,,6.0,33.4,39.5,,23.8,3.7,0.0,23.8,,6.8,11.0,8.9,3.4,11.2,7.9,-1.2,12.6,5.7,,223.36,-0.87,,,,127.19,-1.41,,,,,,,,,,,,,,,,,,,,,,,,,,2026-09-13,31.16,21.2,0.0,2603.2
2026-09-14,139.6,69.6,32.2,25.9,2.2,,24.4,9.3,39.6,73.3,,5.7,34.4,40.1,,23.8,3.8,4.0,23.8,,6.6,15.2,10.9,6.0,13.6,12.0,1.7,10.0,5.8,,222.92,-0.44,,,,129.17,1.98,,,,,,,,,,,,,,,,,,,,,,,,,,2026-09-14,32.41,74.6,297.8,2677.8
2026-09-15,133.5,62.3,34.0,22.5,3.1,,24.8,9.4,40.8,75.0,,6.9,30.4,37.3,,22.1,4.9,0.0,22.1,,4.0,22.9,13.4,9.3,20.2,12.9,0.7,12.7,6.7,,222.77,-0.15,,,,130.42,1.25,,,,,,,,,,,,,,,,,,,,,,,,,,2026-09-15,26.56,46.1,266.8,2801.1
2026-09-16,133.5,61.6,33.9,25.0,2.2,,25.1,9.5,39.5,74.1,,5.9,28.6,34.5,,23.3,3.9,0.0,23.3,,7.8,26.0,16.9,5.3,12.9,11.6,4.2,11.4,7.8,,221.86,-0.91,,,,129.71,-0.71,,,,,,,,,,,,,,,,,,,,,,,,,,2026-09-16,31.32,54.7,235.3,52.9
2026-09-17,120.6,47.7,34.2,24.1,3.5,,24.9,10.0,38.4,73.2,,3.0,30.3,33.3,,23.3,1.0,0.0,23.3,,11.3,27.6,19.5,11.1,23.2,18.8,1.8,15.5,8.7,,227.49,5.63,,,,133.39,3.68,,,,,,,,,,,,,,,,,,,,,,,,,,2026-09-17,29.84,41.3,0.0,0.0
2026-09-18,121.2,45.4,35.3,34.73,,,22.3,9.8,38.0,70.1,,2.1,28.2,30.3,,20.0,0.0,0.0,20.0,,14.1,27.6,20.9,13.4,21.0,17.2,3.6,14.9,9.2,,233.56,6.07,,,,137.14,3.75,,,,,,,,,,,,,,,,,,,,,,,,,,2026-09-18,26.51,107.4,0.0,0.0
2026-09-19,103.0,36.8,34.0,26.47,,,21.7,9.8,34.0,65.5,,2.1,27.0,29.1,,15.0,0.0,0.0,15.0,,16.0,30.6,23.3,15.2,21.0,18.1,8.8,16.7,12.8,,234.94,1.38,,,,137.51,0.37,,,,,,,,,,,,,,,,,,,,,,,,,,2026-09-19,20.4,0.0,0.0,0.0
2026-09-20,93.2,36.3,32.7,17.0,1.6,,16.0,10.1,25.0,51.2,,1.8,25.5,27.3,,10.5,0.0,0.0,10.5,,15.8,33.6,24.7,14.8,23.0,16.9,4.0,10.1,7.0,,229.19,-5.75,,,,138.98,1.47,,,,,,,,,,,,,,,,,,,,,,,,,,2026-09-20,19.88,35.1,0.0,0.0
2026-09-21,120.3,53.3,36.3,20.6,1.6,,21.2,9.4,35.4,66.0,,1.9,24.8,26.7,,18.3,0.0,0.0,18.3,,18.5,22.5,20.5,9.7,16.1,13.8,1.3,9.5,5.4,,224.91,-4.28,,,,134.04,-4.94,,,,,,,,,,,,,,,,,,,,,,,,,,2026-09-21,22.59,48.3,0.0,0.0
2026-09-22,134.7,64.0,36.4,28.7,,,22.3,9.5,36.0,67.8,,2.1,27.0,29.1,,22.0,0.0,0.0,22.0,,14.1,20.2,17.1,4.9,12.5,8.7,-0.0,9.7,4.8,,220.83,-4.08,,,,131.01,-3.03,,,,,,,,,,,,,,,,,,,,,,,,,,2026-09-22,29.62,58.2,0.0,0.0
2026-09-23,125.6,54.8,36.4,28.7,,,22.0,9.5,39.0,70.5,,2.1,27.0,29.1,,22.0,0.0,0.0,22.0,,9.1,26.1,17.6,6.8,16.8,11.8,5.1,13.2,9.1,,228.06,7.23,,,,,,,,,,,,,,,,,,,,,,,,,,,,,,,2026-09-23,,,,
2026-09-24,114.9,45.1,36.4,27.62,,,22.8,9.5,39.0,71.3,,2.1,27.5,29.6,,22.0,0.0,0.0,22.0,,,,,,,,,,,,,,,,,,,,,,,,,,,,,,,,,,,,,,,,,,,,2026-09-24,,,,
2026-09-25,113.1,41.9,36.3,28.79,,,24.5,9.5,39.0,73.0,,2.1,27.5,29.6,,22.0,0.0,0.0,22.0,,,,,,,,,,,,,,,,,,,,,,,,,,,,,,,,,,,,,,,,,,,,2026-09-25,,,,
2026-09-26,107.3,39.5,34.8,27.23,,,24.5,9.5,39.0,73.0,,2.1,27.5,29.6,,22.0,0.0,0.0,22.0,,,,,,,,,,,,,,,,,,,,,,,,,,,,,,,,,,,,,,,,,,,,2026-09-26,,,,
2026-09-27,26.0,,,25.96,,,,,,4.4,,,,1.8,,0.0,0.0,0.0,19.8,,,,,,,,,,,,,,,,,,,,,,,,,,,,,,,,,,,,,,,,,,,,2026-09-27,,,,
