fecha,linepack_total_est,temp_prom,linepack_tgn_est,linepack_tgs_est
2026-10-02,364.19,,,
2026-10-03,363.62,,,
2026-10-04,363.22,,,
2026-10-05,362.94,16.8,135.84,233.38
2026-10-06,362.75,16.4,135.63,232.33
2026-10-07,362.61,16.4,135.45,231.6
2026-10-08,362.51,15.5,135.3,231.08
2026-10-09,362.44,15.8,135.17,230.72
2026-10-10,362.4,15.3,135.06,230.47
2026-10-11,362.37,15.1,134.97,230.29
2026-10-12,362.35,14.0,134.89,230.17
2026-10-13,362.33,13.0,134.82,230.08
2026-10-14,362.32,13.9,134.76,230.02
2026-10-15,362.31,14.8,134.71,229.98
2026-10-16,362.3,15.3,134.67,229.95
2026-10-17,362.3,15.9,134.63,229.93
2026-10-18,362.3,16.7,134.6,229.92
